id,first_name,last_name,email,gender,ip_address
1,Roger,Sullivan,rsullivan0@simplemachines.org,Male,65.176.49.188
2,Diana,Hunter,dhunter1@ycombinator.com,Female,212.133.248.236
3,Christina,Miller,cmiller2@artisteer.com,Female,5.15.211.205
4,Ruth,Harrison,rharrison3@google.ca,Female,182.252.67.153
5,Matthew,Hart,mhart4@princeton.edu,Male,103.152.79.80
6,Carol,Ryan,cryan5@thetimes.co.uk,Female,194.16.145.123
7,Philip,Price,pprice6@yahoo.com,Male,174.146.63.204
8,Juan,Alexander,jalexander7@geocities.com,Male,83.207.61.163
9,Linda,Pierce,lpierce8@geocities.jp,Female,27.227.175.134
10,Ronald,Fowler,rfowler9@1und1.de,Male,215.48.135.28
11,Melissa,Bailey,mbaileya@dot.gov,Female,159.238.123.30
12,Maria,Phillips,mphillipsb@elegantthemes.com,Female,141.46.4.61
13,Walter,Carpenter,wcarpenterc@dagondesign.com,Male,245.69.255.155
14,Justin,Harper,jharperd@bloomberg.com,Male,159.0.238.37
15,John,Hayes,jhayese@fotki.com,Male,86.178.174.79
16,Gerald,Sanchez,gsanchezf@tamu.edu,Male,112.13.203.144
17,Michelle,Watkins,mwatkinsg@mediafire.com,Female,100.143.224.240
18,Russell,Howell,rhowellh@gravatar.com,Male,250.230.168.152
19,Raymond,Woods,rwoodsi@canalblog.com,Male,76.206.132.64
20,Sean,Ferguson,sfergusonj@t.co,Male,35.244.86.27
21,Jane,Willis,jwillisk@ocn.ne.jp,Female,171.195.48.239
22,Dorothy,Sims,dsimsl@phoca.cz,Female,212.9.21.127
23,David,King,dkingm@stumbleupon.com,Male,144.236.231.214
24,Earl,Bell,ebelln@examiner.com,Male,207.182.95.68
25,Lillian,Harrison,lharrisono@cmu.edu,Female,62.196.163.254
26,Ernest,Bradley,ebradleyp@google.co.jp,Male,158.200.47.221
27,Louise,Evans,levansq@tamu.edu,Female,12.185.191.133
28,Kathleen,Watkins,kwatkinsr@earthlink.net,Female,204.88.91.81
29,Julia,Lawrence,jlawrences@hibu.com,Female,114.162.133.12
30,Virginia,Roberts,vrobertst@newsvine.com,Female,3.31.192.88
31,Mary,Bishop,mbishopu@wunderground.com,Female,115.24.88.103
32,Wayne,Dixon,wdixonv@goodreads.com,Male,154.167.154.153
33,David,Roberts,drobertsw@webmd.com,Male,200.117.252.67
34,Sarah,Wallace,swallacex@google.ca,Female,206.152.166.80
35,Edward,Ortiz,eortizy@msu.edu,Male,11.204.232.226
36,Joyce,Hawkins,jhawkinsz@baidu.com,Female,240.226.111.103
37,Eugene,Griffin,egriffin10@oakley.com,Male,100.96.63.192
38,Lori,Knight,lknight11@msu.edu,Female,127.87.209.162
39,Bonnie,Daniels,bdaniels12@pbs.org,Female,154.33.45.81
40,Paul,Fernandez,pfernandez13@dropbox.com,Male,82.133.128.109
41,Donna,Peterson,dpeterson14@mapquest.com,Female,8.113.200.157
42,Carolyn,George,cgeorge15@blogtalkradio.com,Female,249.3.7.169
43,Laura,Lawson,llawson16@wufoo.com,Female,14.186.119.72
44,Rachel,Hernandez,rhernandez17@storify.com,Female,107.95.64.21
45,Tammy,Hughes,thughes18@odnoklassniki.ru,Female,77.31.50.1
46,Gerald,Hughes,ghughes19@usatoday.com,Male,212.190.233.169
47,Joan,Lynch,jlynch1a@xinhuanet.com,Female,127.55.100.139
48,Ernest,Carpenter,ecarpenter1b@ihg.com,Male,84.218.241.158
49,Ralph,Mcdonald,rmcdonald1c@diigo.com,Male,200.191.19.98
50,Frank,Perez,fperez1d@tumblr.com,Male,176.12.46.43
51,Joyce,Moreno,jmoreno1e@etsy.com,Female,156.58.238.98
52,Heather,Roberts,hroberts1f@marriott.com,Female,141.135.250.224
53,Carolyn,Ruiz,cruiz1g@mail.ru,Female,158.199.83.68
54,Ann,Warren,awarren1h@reverbnation.com,Female,185.126.0.78
55,Paul,Mason,pmason1i@imgur.com,Male,103.5.62.206
56,Steve,Burton,sburton1j@marketwatch.com,Male,190.156.189.108
57,Andrea,Rivera,arivera1k@jugem.jp,Female,181.207.106.235
58,Barbara,Matthews,bmatthews1l@disqus.com,Female,183.36.91.3
59,Norma,Hudson,nhudson1m@nhs.uk,Female,147.230.128.151
60,Martin,Bryant,mbryant1n@wufoo.com,Male,200.219.86.210
61,Frances,Kennedy,fkennedy1o@go.com,Female,164.91.235.74
62,Louis,Russell,lrussell1p@berkeley.edu,Male,23.41.185.47
63,Lillian,Harvey,lharvey1q@un.org,Female,156.225.180.5
64,James,Graham,jgraham1r@vimeo.com,Male,43.121.248.155
65,Theresa,Burns,tburns1s@elpais.com,Female,217.180.79.108
66,Teresa,Boyd,tboyd1t@dell.com,Female,144.70.173.143
67,Joan,Hart,jhart1u@etsy.com,Female,141.75.91.88
68,Walter,Hart,whart1v@mapquest.com,Male,14.62.87.122
69,Emily,Ruiz,eruiz1w@ask.com,Female,92.201.28.204
70,Harry,Alvarez,halvarez1x@ning.com,Male,74.232.130.170
71,Cheryl,Carr,ccarr1y@t.co,Female,128.121.129.59
72,Bonnie,Nelson,bnelson1z@google.es,Female,64.100.251.76
73,Roy,Flores,rflores20@indiatimes.com,Male,244.11.18.90
74,Dorothy,Williams,dwilliams21@abc.net.au,Female,64.49.1.210
75,John,Cook,jcook22@devhub.com,Male,217.250.163.176
76,Louis,Cunningham,lcunningham23@google.co.jp,Male,21.45.244.183
77,Robert,Johnston,rjohnston24@yandex.ru,Male,31.16.114.38
78,Donna,Murphy,dmurphy25@disqus.com,Female,29.16.214.183
79,Charles,Austin,caustin26@uiuc.edu,Male,7.211.160.167
80,Arthur,Griffin,agriffin27@privacy.gov.au,Male,246.154.75.72
81,Russell,Gomez,rgomez28@printfriendly.com,Male,199.128.228.65
82,Anne,Boyd,aboyd29@bloglines.com,Female,152.82.168.242
83,Jesse,Gutierrez,jgutierrez2a@feedburner.com,Male,248.227.164.97
84,Theresa,Ramirez,tramirez2b@vk.com,Female,30.144.4.85
85,Kelly,Reyes,kreyes2c@guardian.co.uk,Female,10.210.72.83
86,Mary,Daniels,mdaniels2d@dell.com,Female,56.61.6.59
87,Ann,Chavez,achavez2e@sitemeter.com,Female,75.119.143.173
88,Maria,Bell,mbell2f@nbcnews.com,Female,80.65.162.127
89,Stephanie,Wallace,swallace2g@nbcnews.com,Female,243.48.4.161
90,Evelyn,Martin,emartin2h@oaic.gov.au,Female,245.183.231.13
91,William,Carpenter,wcarpenter2i@washingtonpost.com,Male,100.212.250.207
92,Cheryl,Castillo,ccastillo2j@addtoany.com,Female,19.3.93.26
93,Billy,Cook,bcook2k@samsung.com,Male,141.184.172.201
94,Virginia,Henry,vhenry2l@list-manage.com,Female,83.93.138.235
95,Fred,Patterson,fpatterson2m@sun.com,Male,56.58.75.109
96,Terry,Griffin,tgriffin2n@uiuc.edu,Male,236.231.45.176
97,James,Lane,jlane2o@gizmodo.com,Male,57.160.105.110
98,Tina,Arnold,tarnold2p@instagram.com,Female,216.212.156.146
99,Jerry,Thomas,jthomas2q@cbc.ca,Male,222.144.147.34
100,Frank,Cook,fcook2r@i2i.jp,Male,206.155.243.191
101,Richard,Romero,rromero2s@squarespace.com,Male,77.168.160.208
102,Susan,Ramos,sramos2t@bloglovin.com,Female,100.177.82.108
103,Juan,Baker,jbaker2u@yahoo.com,Male,46.117.114.245
104,Debra,Perry,dperry2v@dell.com,Female,93.246.252.111
105,Antonio,Palmer,apalmer2w@cornell.edu,Male,220.88.185.24
106,George,Nguyen,gnguyen2x@yandex.ru,Male,12.119.78.246
107,Stephen,Dean,sdean2y@flickr.com,Male,19.139.201.64
108,Aaron,Little,alittle2z@soup.io,Male,229.165.188.13
109,Julia,Ward,jward30@newyorker.com,Female,90.16.189.155
110,Theresa,Rodriguez,trodriguez31@oaic.gov.au,Female,212.241.246.239
111,James,Woods,jwoods32@vistaprint.com,Male,183.5.37.158
112,Evelyn,Holmes,eholmes33@apple.com,Female,104.171.143.224
113,Kimberly,Hanson,khanson34@github.com,Female,120.102.82.210
114,Michael,James,mjames35@xrea.com,Male,213.158.112.32
115,Christopher,Moore,cmoore36@vimeo.com,Male,7.207.20.173
116,Shirley,Parker,sparker37@xing.com,Female,26.238.164.161
117,Joe,Carroll,jcarroll38@constantcontact.com,Male,226.7.185.218
118,Bruce,Montgomery,bmontgomery39@dell.com,Male,111.205.227.141
119,Cynthia,Johnston,cjohnston3a@mysql.com,Female,65.114.70.108
120,Joseph,Ruiz,jruiz3b@timesonline.co.uk,Male,223.130.216.235
121,Cynthia,Nichols,cnichols3c@foxnews.com,Female,3.41.127.253
122,Sean,Woods,swoods3d@gravatar.com,Male,80.174.50.128
123,Debra,Webb,dwebb3e@businessinsider.com,Female,135.223.231.228
124,Bruce,Martin,bmartin3f@amazon.co.uk,Male,102.235.233.45
125,Emily,Edwards,eedwards3g@irs.gov,Female,24.85.109.93
126,Andrew,Fowler,afowler3h@cnn.com,Male,246.60.53.228
127,Elizabeth,Rogers,erogers3i@gov.uk,Female,21.72.110.10
128,Fred,Palmer,fpalmer3j@shutterfly.com,Male,230.244.74.29
129,Karen,Rogers,krogers3k@ted.com,Female,48.14.63.172
130,Tammy,Gutierrez,tgutierrez3l@macromedia.com,Female,32.150.49.204
131,Antonio,Johnston,ajohnston3m@globo.com,Male,156.233.187.248
132,Margaret,Gardner,mgardner3n@ibm.com,Female,53.122.110.135
133,Sean,Green,sgreen3o@shop-pro.jp,Male,252.186.123.141
134,Earl,Foster,efoster3p@hao123.com,Male,79.170.179.59
135,Ann,Reyes,areyes3q@guardian.co.uk,Female,167.66.22.9
136,Ernest,Mcdonald,emcdonald3r@usatoday.com,Male,121.130.75.236
137,Albert,Walker,awalker3s@jimdo.com,Male,201.230.111.29
138,Catherine,Davis,cdavis3t@miitbeian.gov.cn,Female,43.23.90.41
139,Jean,Lewis,jlewis3u@example.com,Female,104.144.154.118
140,Ryan,Wagner,rwagner3v@unesco.org,Male,132.66.172.59
141,Raymond,Chapman,rchapman3w@merriam-webster.com,Male,123.173.105.246
142,Kelly,Bennett,kbennett3x@cnn.com,Female,141.228.1.203
143,Ryan,Williams,rwilliams3y@businessweek.com,Male,6.107.110.22
144,Elizabeth,Cook,ecook3z@blogtalkradio.com,Female,18.184.179.226
145,Brenda,Thompson,bthompson40@sciencedirect.com,Female,94.164.92.186
146,Raymond,Barnes,rbarnes41@wix.com,Male,162.175.66.79
147,Sandra,Sanders,ssanders42@drupal.org,Female,94.194.132.226
148,Benjamin,Hall,bhall43@mozilla.com,Male,130.53.30.55
149,Thomas,Cunningham,tcunningham44@businessinsider.com,Male,248.211.129.126
150,Susan,Bennett,sbennett45@imgur.com,Female,8.120.49.50
151,Ralph,Dunn,rdunn46@jimdo.com,Male,108.4.138.157
152,Matthew,Garza,mgarza47@wp.com,Male,21.26.46.255
153,Terry,Rose,trose48@time.com,Male,51.227.237.50
154,Cheryl,Stewart,cstewart49@deviantart.com,Female,45.108.18.134
155,Shirley,Burton,sburton4a@earthlink.net,Female,143.56.184.71
156,Jerry,Richardson,jrichardson4b@networksolutions.com,Male,67.187.130.252
157,Catherine,Adams,cadams4c@cloudflare.com,Female,169.65.97.118
158,Eric,Fowler,efowler4d@pcworld.com,Male,139.205.177.197
159,Jacqueline,Vasquez,jvasquez4e@spiegel.de,Female,111.192.148.243
160,Antonio,Kim,akim4f@furl.net,Male,15.219.73.140
161,Carl,Stevens,cstevens4g@seattletimes.com,Male,152.24.161.2
162,Brandon,Pierce,bpierce4h@google.com.br,Male,85.239.223.125
163,Roy,Oliver,roliver4i@drupal.org,Male,133.216.250.8
164,Steven,Ferguson,sferguson4j@psu.edu,Male,94.130.47.2
165,Earl,Washington,ewashington4k@jigsy.com,Male,187.157.128.29
166,Helen,Johnson,hjohnson4l@gov.uk,Female,12.98.149.109
167,Gloria,Gray,ggray4m@lulu.com,Female,99.169.107.192
168,Jose,Riley,jriley4n@sciencedirect.com,Male,228.33.22.105
169,Gary,Lane,glane4o@mit.edu,Male,136.64.166.76
170,Ronald,Little,rlittle4p@indiegogo.com,Male,48.34.117.95
171,Adam,Dixon,adixon4q@ifeng.com,Male,226.172.97.32
172,Patricia,Ross,pross4r@unesco.org,Female,212.168.217.41
173,Philip,Wells,pwells4s@gov.uk,Male,173.98.18.73
174,Ruby,Jacobs,rjacobs4t@dropbox.com,Female,152.132.235.70
175,Louis,Fowler,lfowler4u@networkadvertising.org,Male,4.111.199.79
176,Ann,Long,along4v@guardian.co.uk,Female,92.32.45.182
177,Janice,Burton,jburton4w@senate.gov,Female,173.112.187.202
178,Randy,Hart,rhart4x@wikia.com,Male,209.250.36.112
179,Andrea,Simpson,asimpson4y@auda.org.au,Female,204.183.109.254
180,Jane,Ray,jray4z@globo.com,Female,86.206.98.38
181,Eric,Ellis,eellis50@reference.com,Male,250.241.99.56
182,Christopher,Nelson,cnelson51@guardian.co.uk,Male,57.103.56.72
183,Pamela,Simmons,psimmons52@statcounter.com,Female,245.114.4.55
184,Philip,White,pwhite53@macromedia.com,Male,170.198.169.170
185,Victor,Rogers,vrogers54@live.com,Male,210.128.27.227
186,Maria,Cooper,mcooper55@slideshare.net,Female,6.28.109.143
187,Victor,Harris,vharris56@cdc.gov,Male,110.216.241.104
188,William,White,wwhite57@hatena.ne.jp,Male,188.220.106.79
189,Johnny,Simpson,jsimpson58@joomla.org,Male,75.63.192.80
190,John,Hawkins,jhawkins59@ameblo.jp,Male,59.227.68.198
191,Teresa,Jacobs,tjacobs5a@cpanel.net,Female,202.228.215.18
192,Irene,Davis,idavis5b@miibeian.gov.cn,Female,86.209.61.50
193,Douglas,Matthews,dmatthews5c@yandex.ru,Male,69.6.58.37
194,Matthew,Garcia,mgarcia5d@indiatimes.com,Male,118.138.29.1
195,Sandra,Pierce,spierce5e@unc.edu,Female,97.223.240.192
196,Frank,Henderson,fhenderson5f@about.com,Male,118.18.146.174
197,Theresa,Reid,treid5g@webeden.co.uk,Female,181.254.225.71
198,Karen,Butler,kbutler5h@gov.uk,Female,62.230.53.243
199,Sharon,Sims,ssims5i@netvibes.com,Female,87.163.103.158
200,Janice,Sanders,jsanders5j@yahoo.co.jp,Female,107.255.30.7
201,Katherine,Ray,kray5k@tamu.edu,Female,243.252.98.99
202,Jonathan,Morrison,jmorrison5l@cyberchimps.com,Male,231.144.173.81
203,Helen,Barnes,hbarnes5m@chronoengine.com,Female,103.103.82.218
204,Eugene,Mills,emills5n@blogtalkradio.com,Male,9.237.246.79
205,Earl,Bowman,ebowman5o@census.gov,Male,150.78.9.49
206,Jennifer,Welch,jwelch5p@samsung.com,Female,138.172.20.107
207,Steven,King,sking5q@bigcartel.com,Male,59.200.21.77
208,Kevin,Reid,kreid5r@squarespace.com,Male,17.233.66.10
209,Marilyn,Bradley,mbradley5s@hibu.com,Female,50.38.118.170
210,Virginia,Fernandez,vfernandez5t@indiatimes.com,Female,170.166.93.154
211,Janice,Warren,jwarren5u@salon.com,Female,39.71.114.103
212,Catherine,Rodriguez,crodriguez5v@istockphoto.com,Female,244.4.43.107
213,Barbara,Patterson,bpatterson5w@deliciousdays.com,Female,139.115.212.211
214,Daniel,Owens,dowens5x@list-manage.com,Male,227.156.74.1
215,Julie,Lawson,jlawson5y@nyu.edu,Female,42.157.4.5
216,Alice,Bennett,abennett5z@fastcompany.com,Female,162.68.232.155
217,Andrea,Ruiz,aruiz60@go.com,Female,239.105.120.191
218,Donna,Jackson,djackson61@gravatar.com,Female,83.98.106.95
219,Maria,Romero,mromero62@flickr.com,Female,101.170.147.18
220,Marie,Berry,mberry63@techcrunch.com,Female,194.184.68.31
221,William,Gray,wgray64@hc360.com,Male,33.93.40.144
222,Carlos,Robertson,crobertson65@tinyurl.com,Male,102.68.47.221
223,Beverly,Olson,bolson66@chron.com,Female,99.137.130.27
224,Thomas,Lawrence,tlawrence67@live.com,Male,107.51.138.175
225,Jason,Gardner,jgardner68@buzzfeed.com,Male,51.102.44.24
226,Rachel,Hayes,rhayes69@bigcartel.com,Female,149.192.4.156
227,Keith,Russell,krussell6a@npr.org,Male,94.15.35.39
228,Julia,Bailey,jbailey6b@goo.ne.jp,Female,58.121.10.58
229,Kenneth,Graham,kgraham6c@youku.com,Male,40.170.243.156
230,Mildred,George,mgeorge6d@4shared.com,Female,114.162.248.95
231,Phyllis,Nguyen,pnguyen6e@geocities.com,Female,218.127.243.72
232,James,Elliott,jelliott6f@flavors.me,Male,19.17.213.229
233,Jack,Howell,jhowell6g@npr.org,Male,148.97.132.77
234,John,Rogers,jrogers6h@deviantart.com,Male,208.44.255.87
235,Angela,Oliver,aoliver6i@mozilla.org,Female,32.152.69.186
236,Ernest,Shaw,eshaw6j@paginegialle.it,Male,211.176.235.55
237,Jean,Myers,jmyers6k@globo.com,Female,155.191.187.219
238,Ryan,Wilson,rwilson6l@mayoclinic.com,Male,65.139.121.33
239,Eric,Moreno,emoreno6m@ucla.edu,Male,100.173.64.12
240,Patrick,Richardson,prichardson6n@netvibes.com,Male,26.14.62.131
241,Samuel,Ward,sward6o@paginegialle.it,Male,194.252.116.148
242,Clarence,Woods,cwoods6p@alibaba.com,Male,91.214.111.231
243,Debra,James,djames6q@noaa.gov,Female,61.234.240.25
244,Teresa,Reynolds,treynolds6r@answers.com,Female,208.53.96.252
245,Joshua,Hicks,jhicks6s@networksolutions.com,Male,237.119.251.47
246,Martha,Diaz,mdiaz6t@miitbeian.gov.cn,Female,190.99.169.192
247,Diana,Wright,dwright6u@nsw.gov.au,Female,38.152.39.91
248,Harold,Mccoy,hmccoy6v@sogou.com,Male,145.23.66.207
249,Randy,Fernandez,rfernandez6w@archive.org,Male,184.37.66.254
250,Doris,King,dking6x@ebay.co.uk,Female,176.112.80.99
251,Roger,Williamson,rwilliamson6y@youku.com,Male,164.162.180.54
252,Lillian,Henderson,lhenderson6z@tamu.edu,Female,162.248.80.254
253,Rachel,King,rking70@smh.com.au,Female,246.150.135.37
254,Angela,Brown,abrown71@angelfire.com,Female,175.39.39.205
255,Lillian,Garrett,lgarrett72@nba.com,Female,129.213.62.130
256,Kimberly,Hunter,khunter73@wikia.com,Female,166.93.138.206
257,Rebecca,Greene,rgreene74@ca.gov,Female,118.81.32.208
258,Charles,Campbell,ccampbell75@oakley.com,Male,23.247.147.69
259,Raymond,Peters,rpeters76@weather.com,Male,192.39.237.25
260,Anna,Fisher,afisher77@bloglovin.com,Female,242.206.128.93
261,Patrick,Bell,pbell78@newsvine.com,Male,41.88.101.210
262,Phyllis,Johnson,pjohnson79@acquirethisname.com,Female,23.214.196.149
263,Jack,Carr,jcarr7a@imageshack.us,Male,129.25.127.220
264,Scott,Richards,srichards7b@reddit.com,Male,59.236.173.116
265,Stephanie,Fisher,sfisher7c@liveinternet.ru,Female,250.138.39.242
266,Harold,Fields,hfields7d@pinterest.com,Male,102.239.143.209
267,Joseph,Kelley,jkelley7e@issuu.com,Male,200.203.214.32
268,Elizabeth,Smith,esmith7f@dion.ne.jp,Female,159.255.244.40
269,Gary,Anderson,ganderson7g@ow.ly,Male,222.248.37.224
270,Ruby,Berry,rberry7h@altervista.org,Female,70.84.203.255
271,Christine,Spencer,cspencer7i@cargocollective.com,Female,230.41.227.146
272,Heather,Reid,hreid7j@google.fr,Female,145.84.240.155
273,Aaron,Bryant,abryant7k@sbwire.com,Male,134.45.255.193
274,Dennis,Ramos,dramos7l@businessinsider.com,Male,51.138.60.59
275,Bonnie,Sims,bsims7m@csmonitor.com,Female,207.158.158.47
276,Kevin,Vasquez,kvasquez7n@fema.gov,Male,184.82.236.198
277,Sandra,Elliott,selliott7o@netlog.com,Female,175.154.49.57
278,Juan,Reed,jreed7p@icio.us,Male,159.208.63.194
279,Justin,Elliott,jelliott7q@imageshack.us,Male,140.182.39.235
280,Jennifer,Gordon,jgordon7r@dailymail.co.uk,Female,198.159.153.120
281,Patricia,Reed,preed7s@latimes.com,Female,26.60.44.175
282,Jesse,Freeman,jfreeman7t@ucoz.ru,Male,214.94.230.114
283,Andrea,Marshall,amarshall7u@jimdo.com,Female,199.69.101.13
284,Frank,Owens,fowens7v@loc.gov,Male,246.170.178.235
285,Chris,Brooks,cbrooks7w@51.la,Male,182.134.59.21
286,Pamela,Campbell,pcampbell7x@opera.com,Female,148.169.193.55
287,Roy,Gomez,rgomez7y@berkeley.edu,Male,71.113.109.245
288,John,Martinez,jmartinez7z@yahoo.com,Male,180.191.96.250
289,Marilyn,Simmons,msimmons80@mozilla.org,Female,21.48.186.17
290,Howard,Rogers,hrogers81@examiner.com,Male,18.206.114.141
291,Daniel,Scott,dscott82@stumbleupon.com,Male,218.17.133.78
292,Bonnie,Kennedy,bkennedy83@1688.com,Female,177.10.45.179
293,Jane,Webb,jwebb84@engadget.com,Female,55.155.144.68
294,George,Watkins,gwatkins85@independent.co.uk,Male,89.127.57.38
295,Edward,Robertson,erobertson86@hp.com,Male,210.232.139.209
296,Carlos,Hill,chill87@symantec.com,Male,151.139.172.82
297,Barbara,Long,blong88@w3.org,Female,214.211.241.50
298,Phillip,Harris,pharris89@ihg.com,Male,125.97.122.255
299,Evelyn,Bradley,ebradley8a@hibu.com,Female,172.42.96.248
300,Jeffrey,Martin,jmartin8b@canalblog.com,Male,101.148.179.101
301,Willie,Henderson,whenderson8c@toplist.cz,Male,169.252.53.119
302,Rebecca,Kelley,rkelley8d@ning.com,Female,71.240.5.132
303,Jane,Peters,jpeters8e@exblog.jp,Female,70.59.49.59
304,Frances,Olson,folson8f@nps.gov,Female,37.2.74.119
305,Thomas,Collins,tcollins8g@globo.com,Male,16.116.95.91
306,Charles,Gordon,cgordon8h@e-recht24.de,Male,151.157.107.127
307,Beverly,Cox,bcox8i@spotify.com,Female,145.93.193.164
308,Paula,Garza,pgarza8j@blogs.com,Female,48.20.60.176
309,Judith,Webb,jwebb8k@unesco.org,Female,158.10.89.1
310,Bonnie,Hamilton,bhamilton8l@163.com,Female,194.99.40.226
311,Edward,Rodriguez,erodriguez8m@etsy.com,Male,22.106.153.127
312,Thomas,Adams,tadams8n@uol.com.br,Male,139.163.198.234
313,Harold,Martin,hmartin8o@stumbleupon.com,Male,42.25.112.185
314,Joyce,Thompson,jthompson8p@privacy.gov.au,Female,158.20.55.144
315,Todd,Gonzales,tgonzales8q@chronoengine.com,Male,182.109.75.105
316,Joyce,Black,jblack8r@prlog.org,Female,57.14.151.137
317,Lisa,Berry,lberry8s@deliciousdays.com,Female,214.240.212.28
318,Stephanie,Nichols,snichols8t@google.com.hk,Female,223.216.69.57
319,Juan,Perez,jperez8u@ucsd.edu,Male,250.251.20.30
320,Alan,Hanson,ahanson8v@shutterfly.com,Male,99.223.17.155
321,Adam,Flores,aflores8w@house.gov,Male,85.89.151.154
322,Kimberly,Moore,kmoore8x@fema.gov,Female,60.255.57.53
323,Johnny,George,jgeorge8y@jiathis.com,Male,44.102.93.239
324,Evelyn,Griffin,egriffin8z@blogtalkradio.com,Female,99.191.114.208
325,Lisa,Thomas,lthomas90@quantcast.com,Female,174.41.146.30
326,Wanda,Griffin,wgriffin91@sourceforge.net,Female,134.148.96.168
327,Maria,Stone,mstone92@china.com.cn,Female,226.162.53.249
328,Dorothy,Berry,dberry93@wiley.com,Female,6.231.114.47
329,Donna,Lane,dlane94@unblog.fr,Female,210.18.224.74
330,Ruth,Dean,rdean95@hatena.ne.jp,Female,224.180.71.37
331,Gregory,Garrett,ggarrett96@npr.org,Male,8.131.129.137
332,Jane,Rice,jrice97@webeden.co.uk,Female,82.199.119.162
333,Sandra,Gordon,sgordon98@smugmug.com,Female,197.43.196.6
334,Louis,Thomas,lthomas99@arizona.edu,Male,122.109.123.208
335,Patrick,Coleman,pcoleman9a@intel.com,Male,255.168.172.108
336,Russell,Thomas,rthomas9b@usda.gov,Male,38.188.236.221
337,Doris,Howard,dhoward9c@shareasale.com,Female,5.141.196.180
338,Craig,Anderson,canderson9d@foxnews.com,Male,112.23.5.100
339,Susan,Garza,sgarza9e@artisteer.com,Female,5.191.47.134
340,Karen,Chapman,kchapman9f@businessweek.com,Female,115.211.236.137
341,Larry,Riley,lriley9g@wired.com,Male,134.230.7.217
342,Paul,Riley,priley9h@domainmarket.com,Male,221.52.125.220
343,Ryan,Mills,rmills9i@wikispaces.com,Male,102.197.64.82
344,Edward,Olson,eolson9j@ning.com,Male,123.162.22.163
345,Alan,Moore,amoore9k@cocolog-nifty.com,Male,3.15.214.213
346,Michelle,Dean,mdean9l@blinklist.com,Female,27.33.240.54
347,Joe,Cunningham,jcunningham9m@pagesperso-orange.fr,Male,94.3.158.42
348,Ashley,Harrison,aharrison9n@intel.com,Female,254.1.6.164
349,Mark,Boyd,mboyd9o@hatena.ne.jp,Male,124.98.33.38
350,Patrick,Fox,pfox9p@youtube.com,Male,39.58.51.221
351,Andrew,Cruz,acruz9q@merriam-webster.com,Male,20.116.36.150
352,Gloria,Hernandez,ghernandez9r@epa.gov,Female,33.143.32.201
353,Jacqueline,Dixon,jdixon9s@sohu.com,Female,245.194.233.249
354,Kelly,Duncan,kduncan9t@eepurl.com,Female,80.172.217.200
355,Susan,Duncan,sduncan9u@chicagotribune.com,Female,156.140.115.125
356,Diana,Cooper,dcooper9v@amazon.com,Female,148.51.226.165
357,Charles,Richardson,crichardson9w@thetimes.co.uk,Male,129.182.208.70
358,Shawn,Olson,solson9x@netscape.com,Male,17.198.249.208
359,Jesse,Moreno,jmoreno9y@weather.com,Male,116.79.218.14
360,William,Harris,wharris9z@yolasite.com,Male,167.183.206.225
361,Bruce,Burke,bburkea0@patch.com,Male,230.65.14.240
362,Ashley,Richards,arichardsa1@blogspot.com,Female,17.174.188.15
363,Harold,Ryan,hryana2@canalblog.com,Male,200.77.64.110
364,John,Jackson,jjacksona3@jimdo.com,Male,90.50.200.101
365,Stephen,Moreno,smorenoa4@yolasite.com,Male,181.46.106.146
366,Jeffrey,Henry,jhenrya5@google.cn,Male,194.95.95.102
367,Jeremy,Ferguson,jfergusona6@stumbleupon.com,Male,196.12.139.71
368,Richard,Rodriguez,rrodrigueza7@slate.com,Male,8.251.100.29
369,Eugene,Baker,ebakera8@google.com.br,Male,36.220.251.233
370,Craig,Chapman,cchapmana9@globo.com,Male,54.147.53.218
371,Samuel,Perkins,sperkinsaa@wp.com,Male,27.14.41.211
372,Brenda,Ramos,bramosab@amazon.de,Female,24.64.210.36
373,Raymond,Griffin,rgriffinac@wikia.com,Male,231.152.129.21
374,Kimberly,Arnold,karnoldad@toplist.cz,Female,152.90.226.177
375,Jean,Gonzales,jgonzalesae@upenn.edu,Female,187.227.201.20
376,Maria,Morales,mmoralesaf@addthis.com,Female,136.251.165.36
377,Harold,Clark,hclarkag@liveinternet.ru,Male,237.44.133.35
378,Nicole,Greene,ngreeneah@nih.gov,Female,125.206.46.187
379,Melissa,Reyes,mreyesai@chron.com,Female,223.134.47.238
380,Randy,Campbell,rcampbellaj@mapy.cz,Male,241.203.194.69
381,Diane,Howard,dhowardak@msu.edu,Female,27.148.182.212
382,Jesse,Gray,jgrayal@auda.org.au,Male,137.123.195.0
383,Jacqueline,Cook,jcookam@lulu.com,Female,227.56.8.116
384,Michelle,Myers,mmyersan@ow.ly,Female,251.199.110.245
385,Joyce,Lopez,jlopezao@ebay.com,Female,66.57.100.104
386,Andrew,King,akingap@sun.com,Male,96.82.105.159
387,Teresa,Weaver,tweaveraq@godaddy.com,Female,183.28.71.124
388,Mark,Perry,mperryar@ycombinator.com,Male,217.87.231.122
389,Johnny,Dixon,jdixonas@prlog.org,Male,112.51.20.214
390,Kelly,Banks,kbanksat@php.net,Female,222.12.197.63
391,Albert,Harper,aharperau@ibm.com,Male,118.219.211.7
392,Barbara,Morrison,bmorrisonav@state.gov,Female,50.3.62.146
393,Marilyn,Simmons,msimmonsaw@ibm.com,Female,56.119.76.39
394,Joe,Hayes,jhayesax@quantcast.com,Male,115.71.9.16
395,William,Rogers,wrogersay@yolasite.com,Male,18.50.225.192
396,Teresa,Rose,troseaz@wordpress.org,Female,233.101.239.75
397,Jack,Rivera,jriverab0@vk.com,Male,202.62.68.77
398,Howard,Anderson,handersonb1@google.it,Male,177.90.47.85
399,George,Perez,gperezb2@ebay.co.uk,Male,82.234.3.207
400,Robert,Chapman,rchapmanb3@bluehost.com,Male,27.93.100.13
401,Carl,Gilbert,cgilbertb4@thetimes.co.uk,Male,244.82.11.237
402,Philip,Riley,prileyb5@photobucket.com,Male,67.141.31.230
403,Nicholas,Meyer,nmeyerb6@ca.gov,Male,19.104.54.77
404,Ernest,Parker,eparkerb7@businessweek.com,Male,220.106.204.233
405,Walter,Bryant,wbryantb8@goo.gl,Male,216.71.134.234
406,Larry,Hawkins,lhawkinsb9@last.fm,Male,92.118.1.219
407,Diane,Snyder,dsnyderba@admin.ch,Female,99.8.69.65
408,Cynthia,Fernandez,cfernandezbb@addtoany.com,Female,213.215.206.83
409,Karen,Davis,kdavisbc@skype.com,Female,167.71.238.192
410,Phillip,Gonzalez,pgonzalezbd@who.int,Male,248.30.105.156
411,Karen,Harrison,kharrisonbe@jalbum.net,Female,72.145.249.226
412,Alice,Nichols,anicholsbf@google.com,Female,108.125.9.239
413,Jeremy,Stone,jstonebg@naver.com,Male,25.111.99.64
414,Judy,Mccoy,jmccoybh@buzzfeed.com,Female,248.153.96.97
415,Carl,Jordan,cjordanbi@macromedia.com,Male,156.48.181.218
416,Ronald,Perkins,rperkinsbj@ow.ly,Male,212.67.57.8
417,Jeremy,Arnold,jarnoldbk@jigsy.com,Male,143.8.156.111
418,Angela,Sims,asimsbl@godaddy.com,Female,8.173.232.124
419,Helen,George,hgeorgebm@youtu.be,Female,182.167.193.15
420,Jesse,Williamson,jwilliamsonbn@vistaprint.com,Male,69.60.234.113
421,Mary,White,mwhitebo@reference.com,Female,75.232.63.11
422,Christine,Fuller,cfullerbp@cornell.edu,Female,187.60.234.134
423,Fred,Weaver,fweaverbq@sciencedaily.com,Male,174.167.40.95
424,Irene,Edwards,iedwardsbr@pbs.org,Female,57.232.240.47
425,Teresa,Oliver,toliverbs@hatena.ne.jp,Female,213.175.48.59
426,Phillip,Dean,pdeanbt@altervista.org,Male,57.131.51.104
427,Arthur,Edwards,aedwardsbu@ed.gov,Male,65.48.164.92
428,Julie,Tucker,jtuckerbv@canalblog.com,Female,19.92.191.6
429,Raymond,Hicks,rhicksbw@amazon.com,Male,84.15.171.178
430,Juan,Lane,jlanebx@cbslocal.com,Male,178.139.241.167
431,Stephanie,Mendoza,smendozaby@zimbio.com,Female,142.230.84.12
432,Cheryl,Bowman,cbowmanbz@myspace.com,Female,243.109.237.2
433,Carlos,Johnston,cjohnstonc0@springer.com,Male,152.193.239.158
434,Justin,Lee,jleec1@stanford.edu,Male,113.46.29.163
435,Brenda,Carroll,bcarrollc2@blogger.com,Female,100.60.239.110
436,Charles,Sims,csimsc3@weibo.com,Male,132.118.200.241
437,Phillip,Lawson,plawsonc4@woothemes.com,Male,239.183.254.19
438,Nicole,Collins,ncollinsc5@g.co,Female,101.188.160.3
439,Frank,Cruz,fcruzc6@ebay.com,Male,183.140.254.20
440,Michael,Brown,mbrownc7@upenn.edu,Male,203.37.85.233
441,Randy,Duncan,rduncanc8@fda.gov,Male,212.17.221.32
442,David,Reid,dreidc9@reference.com,Male,12.203.139.111
443,Jimmy,Brooks,jbrooksca@newyorker.com,Male,168.51.135.37
444,Henry,Howard,hhowardcb@fda.gov,Male,254.102.14.163
445,Richard,Payne,rpaynecc@alexa.com,Male,144.241.161.119
446,Jimmy,Foster,jfostercd@bing.com,Male,82.118.183.147
447,Margaret,Marshall,mmarshallce@microsoft.com,Female,210.59.21.161
448,Scott,Lawrence,slawrencecf@army.mil,Male,146.168.207.197
449,Phillip,Sullivan,psullivancg@thetimes.co.uk,Male,143.83.15.189
450,Sarah,Romero,sromeroch@macromedia.com,Female,180.4.121.84
451,Frank,Henry,fhenryci@themeforest.net,Male,153.247.64.224
452,Elizabeth,Gardner,egardnercj@sciencedirect.com,Female,176.204.130.116
453,Albert,Carroll,acarrollck@sciencedaily.com,Male,187.100.162.103
454,Eugene,Evans,eevanscl@archive.org,Male,172.201.24.200
455,Steven,Williamson,swilliamsoncm@cbslocal.com,Male,87.184.230.52
456,Bonnie,Watson,bwatsoncn@sfgate.com,Female,230.70.8.16
457,Harold,James,hjamesco@joomla.org,Male,205.188.117.10
458,Andrew,Payne,apaynecp@linkedin.com,Male,255.68.166.27
459,Evelyn,Brooks,ebrookscq@fotki.com,Female,55.148.158.167
460,Alice,Garcia,agarciacr@google.fr,Female,92.242.210.95
461,Theresa,Gilbert,tgilbertcs@about.com,Female,43.3.174.88
462,Sandra,Walker,swalkerct@csmonitor.com,Female,60.135.40.140
463,Amy,Richards,arichardscu@noaa.gov,Female,144.82.245.91
464,Lori,Tucker,ltuckercv@tiny.cc,Female,176.173.154.112
465,Julie,Hernandez,jhernandezcw@privacy.gov.au,Female,143.42.27.134
466,Katherine,Russell,krussellcx@netlog.com,Female,9.80.232.4
467,Patrick,Evans,pevanscy@yellowpages.com,Male,141.236.31.226
468,Charles,Murphy,cmurphycz@networksolutions.com,Male,58.49.104.5
469,Amy,Gordon,agordond0@elegantthemes.com,Female,184.19.174.103
470,Jane,Fields,jfieldsd1@google.com,Female,22.29.74.26
471,Andrew,Roberts,arobertsd2@bigcartel.com,Male,120.93.90.122
472,Victor,Lewis,vlewisd3@de.vu,Male,109.181.233.54
473,Sandra,Cox,scoxd4@washingtonpost.com,Female,195.224.142.151
474,Wanda,Jenkins,wjenkinsd5@w3.org,Female,193.199.120.75
475,Matthew,Berry,mberryd6@engadget.com,Male,163.152.243.88
476,Phillip,Nichols,pnicholsd7@dailymotion.com,Male,106.6.37.63
477,Barbara,Lawson,blawsond8@intel.com,Female,52.61.63.181
478,Jose,Harper,jharperd9@ebay.co.uk,Male,23.157.204.140
479,Edward,Jacobs,ejacobsda@amazon.com,Male,109.219.106.104
480,Lois,Watkins,lwatkinsdb@webeden.co.uk,Female,169.252.205.79
481,Dennis,Castillo,dcastillodc@so-net.ne.jp,Male,55.219.66.164
482,Aaron,Ferguson,afergusondd@paginegialle.it,Male,28.180.139.181
483,Ann,Riley,arileyde@a8.net,Female,130.225.202.189
484,Rebecca,Ryan,rryandf@weather.com,Female,236.125.235.85
485,Carolyn,Williams,cwilliamsdg@addthis.com,Female,208.175.238.100
486,Diana,Jenkins,djenkinsdh@yellowpages.com,Female,25.151.56.14
487,Mary,Fox,mfoxdi@scientificamerican.com,Female,151.75.46.190
488,Ralph,Franklin,rfranklindj@google.it,Male,230.244.40.224
489,Daniel,Reynolds,dreynoldsdk@cafepress.com,Male,41.109.179.247
490,Cheryl,Hayes,chayesdl@quantcast.com,Female,100.234.115.244
491,John,Alexander,jalexanderdm@alexa.com,Male,123.169.135.125
492,Angela,Lewis,alewisdn@answers.com,Female,127.58.114.182
493,Rachel,Ramos,rramosdo@weebly.com,Female,80.176.108.11
494,Benjamin,Vasquez,bvasquezdp@oaic.gov.au,Male,196.170.74.222
495,Edward,Gonzales,egonzalesdq@51.la,Male,98.114.118.150
496,Sharon,Carr,scarrdr@feedburner.com,Female,34.203.42.183
497,David,Black,dblackds@washingtonpost.com,Male,147.81.224.102
498,Doris,Kelly,dkellydt@hostgator.com,Female,30.172.22.64
499,Aaron,Ferguson,afergusondu@pen.io,Male,242.223.144.184
500,Beverly,Young,byoungdv@usda.gov,Female,177.200.213.41
501,Phillip,Carpenter,pcarpenterdw@gmpg.org,Male,54.133.227.41
502,Phillip,King,pkingdx@nyu.edu,Male,159.250.50.187
503,Anne,Robinson,arobinsondy@hao123.com,Female,193.61.199.107
504,Nancy,Parker,nparkerdz@qq.com,Female,15.238.126.25
505,Craig,Schmidt,cschmidte0@pcworld.com,Male,78.116.195.212
506,Jeffrey,Martin,jmartine1@hhs.gov,Male,46.140.113.232
507,Linda,Ramos,lramose2@google.nl,Female,217.12.250.114
508,Anna,Reed,areede3@amazon.co.uk,Female,174.220.159.30
509,Peter,Sanders,psanderse4@acquirethisname.com,Male,225.10.21.30
510,Paul,Peterson,ppetersone5@wix.com,Male,127.186.161.107
511,Antonio,Castillo,acastilloe6@indiatimes.com,Male,71.121.101.144
512,Robert,Arnold,rarnolde7@ucoz.com,Male,45.231.251.101
513,Clarence,Brooks,cbrookse8@i2i.jp,Male,170.59.197.237
514,Timothy,Olson,tolsone9@creativecommons.org,Male,164.131.171.157
515,Linda,Fields,lfieldsea@state.tx.us,Female,155.230.71.184
516,Ralph,Elliott,relliotteb@cbc.ca,Male,186.174.123.19
517,Marilyn,Simmons,msimmonsec@redcross.org,Female,85.141.188.227
518,Kenneth,Smith,ksmithed@angelfire.com,Male,164.122.21.159
519,Albert,Ruiz,aruizee@gnu.org,Male,19.136.213.209
520,Jerry,Price,jpriceef@ustream.tv,Male,46.141.187.60
521,Albert,Harper,aharpereg@nyu.edu,Male,42.118.30.233
522,Ashley,Carter,acartereh@bizjournals.com,Female,219.74.154.98
523,Jessica,Kelley,jkelleyei@cbsnews.com,Female,204.3.12.246
524,Todd,Gordon,tgordonej@ovh.net,Male,8.150.34.20
525,Steven,Lane,slaneek@nyu.edu,Male,109.147.174.97
526,Ryan,Sullivan,rsullivanel@springer.com,Male,20.124.206.216
527,Jacqueline,Anderson,jandersonem@about.me,Female,234.109.188.150
528,Joseph,Kim,jkimen@aol.com,Male,162.253.5.57
529,Gloria,Garcia,ggarciaeo@comcast.net,Female,199.164.70.162
530,Douglas,Welch,dwelchep@bluehost.com,Male,251.248.31.169
531,Lillian,Torres,ltorreseq@walmart.com,Female,198.50.114.225
532,Lillian,Patterson,lpattersoner@kickstarter.com,Female,224.152.135.32
533,Kathryn,Henry,khenryes@telegraph.co.uk,Female,217.228.74.121
534,Tina,West,twestet@diigo.com,Female,125.171.94.119
535,Walter,Hamilton,whamiltoneu@cmu.edu,Male,22.204.82.7
536,William,Coleman,wcolemanev@ftc.gov,Male,75.11.83.66
537,Cynthia,Fox,cfoxew@huffingtonpost.com,Female,179.68.21.94
538,Evelyn,Knight,eknightex@skype.com,Female,185.176.12.18
539,Alice,Montgomery,amontgomeryey@github.io,Female,73.13.176.55
540,Julia,Wood,jwoodez@yolasite.com,Female,214.34.67.209
541,Joe,Brown,jbrownf0@latimes.com,Male,44.104.91.252
542,Cynthia,Hamilton,chamiltonf1@cmu.edu,Female,32.53.178.125
543,Judy,Scott,jscottf2@comsenz.com,Female,236.10.7.95
544,John,Harris,jharrisf3@taobao.com,Male,181.36.190.194
545,Kathleen,Day,kdayf4@china.com.cn,Female,93.174.37.47
546,Samuel,Dixon,sdixonf5@flavors.me,Male,35.108.52.45
547,Amy,Harris,aharrisf6@eventbrite.com,Female,218.100.211.107
548,Ronald,Lawrence,rlawrencef7@hhs.gov,Male,125.100.170.166
549,Sara,Morrison,smorrisonf8@hubpages.com,Female,214.225.242.225
550,Victor,Fuller,vfullerf9@nih.gov,Male,56.103.7.21
551,George,Fernandez,gfernandezfa@ft.com,Male,76.190.136.124
552,Denise,Lynch,dlynchfb@jimdo.com,Female,14.40.46.250
553,Jerry,Brown,jbrownfc@chicagotribune.com,Male,202.123.109.16
554,Judy,Kelley,jkelleyfd@biblegateway.com,Female,127.245.147.30
555,Jason,Arnold,jarnoldfe@google.com.br,Male,60.101.191.90
556,Chris,Black,cblackff@google.pl,Male,43.97.74.198
557,Arthur,Cox,acoxfg@hud.gov,Male,251.141.54.84
558,Phyllis,Jackson,pjacksonfh@gravatar.com,Female,61.1.59.61
559,Joshua,Long,jlongfi@reuters.com,Male,195.10.100.222
560,Nancy,Lewis,nlewisfj@icq.com,Female,127.163.84.101
561,Gregory,Reynolds,greynoldsfk@360.cn,Male,54.102.67.243
562,Dorothy,Kelly,dkellyfl@webmd.com,Female,57.183.205.9
563,Susan,Webb,swebbfm@shutterfly.com,Female,25.62.7.79
564,Elizabeth,Barnes,ebarnesfn@github.io,Female,250.164.135.217
565,Doris,Murray,dmurrayfo@noaa.gov,Female,10.126.146.3
566,Jennifer,Chavez,jchavezfp@w3.org,Female,220.77.79.86
567,Nicole,Russell,nrussellfq@spiegel.de,Female,223.73.135.210
568,Barbara,Perry,bperryfr@elpais.com,Female,187.125.199.223
569,Emily,Gordon,egordonfs@phoca.cz,Female,80.238.73.227
570,Jeffrey,Jackson,jjacksonft@webnode.com,Male,36.83.132.160
571,Matthew,King,mkingfu@alexa.com,Male,127.191.224.114
572,Phyllis,Cox,pcoxfv@istockphoto.com,Female,19.174.202.176
573,Willie,Bennett,wbennettfw@columbia.edu,Male,3.122.140.136
574,Eric,Kelly,ekellyfx@cbsnews.com,Male,234.127.203.44
575,Mark,Perkins,mperkinsfy@cdc.gov,Male,108.227.251.98
576,Jason,Medina,jmedinafz@ca.gov,Male,222.72.108.6
577,Gerald,Ortiz,gortizg0@hud.gov,Male,170.253.189.64
578,Timothy,Gardner,tgardnerg1@flickr.com,Male,3.222.84.168
579,Carol,Ruiz,cruizg2@redcross.org,Female,67.221.108.243
580,Sharon,Campbell,scampbellg3@japanpost.jp,Female,161.111.97.116
581,Brenda,Bell,bbellg4@wikispaces.com,Female,185.97.35.161
582,Jesse,Tucker,jtuckerg5@booking.com,Male,179.128.103.138
583,Billy,Lee,bleeg6@hc360.com,Male,172.94.233.145
584,Gerald,Lawrence,glawrenceg7@tinypic.com,Male,219.196.144.102
585,Julia,Collins,jcollinsg8@salon.com,Female,121.184.220.45
586,George,Rodriguez,grodriguezg9@state.tx.us,Male,95.149.246.238
587,Charles,Fernandez,cfernandezga@utexas.edu,Male,119.255.218.178
588,Steve,Payne,spaynegb@globo.com,Male,166.149.255.160
589,Todd,Schmidt,tschmidtgc@uiuc.edu,Male,210.141.158.196
590,Martha,Ryan,mryangd@i2i.jp,Female,12.64.156.12
591,Robert,Gardner,rgardnerge@cbslocal.com,Male,117.239.27.212
592,Diane,Griffin,dgriffingf@godaddy.com,Female,89.174.187.60
593,Anthony,Wheeler,awheelergg@slate.com,Male,98.43.221.195
594,Louise,Hunter,lhuntergh@aboutads.info,Female,61.174.144.200
595,Judy,Pierce,jpiercegi@umn.edu,Female,169.6.213.227
596,Craig,Williamson,cwilliamsongj@yelp.com,Male,188.20.229.196
597,Charles,Burke,cburkegk@jimdo.com,Male,21.245.81.194
598,Gerald,Cole,gcolegl@unicef.org,Male,237.88.59.7
599,Steven,Brown,sbrowngm@ft.com,Male,225.186.131.86
600,Chris,Long,clonggn@ftc.gov,Male,120.24.91.143
601,Kelly,Little,klittlego@shinystat.com,Female,209.60.152.97
602,Barbara,Stone,bstonegp@addtoany.com,Female,31.145.94.221
603,Kimberly,Patterson,kpattersongq@multiply.com,Female,200.89.16.167
604,Michelle,Mendoza,mmendozagr@home.pl,Female,154.62.49.87
605,Ashley,Ross,arossgs@ameblo.jp,Female,87.150.197.116
606,Alice,Gilbert,agilbertgt@boston.com,Female,34.50.220.201
607,Nancy,Little,nlittlegu@about.me,Female,18.229.38.156
608,Justin,Owens,jowensgv@linkedin.com,Male,78.151.165.204
609,Rebecca,Howell,rhowellgw@dot.gov,Female,108.58.145.149
610,Emily,Russell,erussellgx@ovh.net,Female,154.77.65.11
611,Karen,Ortiz,kortizgy@csmonitor.com,Female,121.100.33.113
612,Ann,Gilbert,agilbertgz@delicious.com,Female,219.30.83.177
613,Carolyn,Kelly,ckellyh0@tripadvisor.com,Female,12.60.39.241
614,Martha,Hart,mharth1@51.la,Female,236.101.238.101
615,Theresa,Garza,tgarzah2@foxnews.com,Female,170.26.171.189
616,Eugene,Woods,ewoodsh3@time.com,Male,146.157.52.134
617,Michelle,Jackson,mjacksonh4@mediafire.com,Female,69.234.162.20
618,Louis,Walker,lwalkerh5@utexas.edu,Male,3.81.156.195
619,Mary,Myers,mmyersh6@psu.edu,Female,38.46.13.78
620,Kathy,Edwards,kedwardsh7@foxnews.com,Female,80.149.74.237
621,Ernest,Alexander,ealexanderh8@networkadvertising.org,Male,187.52.65.71
622,Sara,Sims,ssimsh9@issuu.com,Female,162.228.252.158
623,Donna,Bishop,dbishopha@fda.gov,Female,18.218.87.184
624,Margaret,Hunter,mhunterhb@europa.eu,Female,249.163.243.5
625,Eric,Gonzalez,egonzalezhc@java.com,Male,145.105.135.4
626,Victor,James,vjameshd@mtv.com,Male,175.104.3.246
627,Brian,Mccoy,bmccoyhe@odnoklassniki.ru,Male,19.57.75.38
628,Helen,Sullivan,hsullivanhf@psu.edu,Female,247.129.169.20
629,Sarah,Gonzalez,sgonzalezhg@shutterfly.com,Female,253.181.220.9
630,Charles,Mason,cmasonhh@networksolutions.com,Male,89.171.0.33
631,David,Foster,dfosterhi@usa.gov,Male,223.4.55.176
632,Frank,Watson,fwatsonhj@shutterfly.com,Male,252.179.222.35
633,Deborah,Meyer,dmeyerhk@ox.ac.uk,Female,232.24.133.107
634,Mark,Sanchez,msanchezhl@nature.com,Male,134.192.122.55
635,Adam,Stanley,astanleyhm@buzzfeed.com,Male,37.212.96.153
636,Paula,Reyes,preyeshn@google.com.hk,Female,68.36.191.49
637,Robin,Gardner,rgardnerho@ted.com,Female,15.114.17.216
638,Sharon,Murray,smurrayhp@mozilla.org,Female,165.183.101.80
639,Patrick,Diaz,pdiazhq@businessweek.com,Male,117.176.105.215
640,Stephanie,Burke,sburkehr@ustream.tv,Female,19.57.146.191
641,Phyllis,Hill,phillhs@fc2.com,Female,161.221.7.40
642,Kathy,West,kwestht@yale.edu,Female,162.214.118.32
643,Anna,Payne,apaynehu@upenn.edu,Female,193.142.66.115
644,Joyce,Bailey,jbaileyhv@hao123.com,Female,222.70.72.137
645,Anna,Hansen,ahansenhw@github.com,Female,111.174.199.135
646,Samuel,Bradley,sbradleyhx@webs.com,Male,27.214.89.60
647,Dorothy,Jones,djoneshy@cafepress.com,Female,139.97.227.68
648,Ryan,Olson,rolsonhz@webs.com,Male,193.138.47.109
649,Melissa,Rivera,mriverai0@gmpg.org,Female,180.13.49.38
650,Nicholas,Nichols,nnicholsi1@hao123.com,Male,216.243.176.254
651,Amy,Sullivan,asullivani2@deliciousdays.com,Female,106.124.147.219
652,Billy,Rodriguez,brodriguezi3@paypal.com,Male,50.181.190.79
653,Adam,Crawford,acrawfordi4@bigcartel.com,Male,7.152.214.151
654,Randy,Gardner,rgardneri5@wix.com,Male,90.159.69.19
655,Ryan,Pierce,rpiercei6@163.com,Male,67.129.210.188
656,Deborah,Davis,ddavisi7@addtoany.com,Female,42.167.109.238
657,Fred,Johnson,fjohnsoni8@mac.com,Male,64.185.79.36
658,Frances,Meyer,fmeyeri9@upenn.edu,Female,141.242.201.175
659,Arthur,Hansen,ahansenia@google.co.jp,Male,143.201.122.5
660,Janet,Watson,jwatsonib@shop-pro.jp,Female,34.129.85.99
661,Randy,Burton,rburtonic@thetimes.co.uk,Male,93.253.98.161
662,Louise,Bell,lbellid@paginegialle.it,Female,165.224.159.15
663,Melissa,Cruz,mcruzie@washingtonpost.com,Female,122.34.50.236
664,Louis,Vasquez,lvasquezif@ifeng.com,Male,157.70.129.6
665,Kevin,Cruz,kcruzig@list-manage.com,Male,108.249.34.217
666,Theresa,Gutierrez,tgutierrezih@time.com,Female,210.160.193.98
667,Sara,Webb,swebbii@tripod.com,Female,62.35.165.104
668,Paula,Richardson,prichardsonij@narod.ru,Female,119.64.40.172
669,Lori,Gibson,lgibsonik@photobucket.com,Female,76.161.110.229
670,Pamela,Ramos,pramosil@foxnews.com,Female,193.138.253.37
671,Sarah,Harper,sharperim@bandcamp.com,Female,25.217.86.160
672,Steven,Foster,sfosterin@pagesperso-orange.fr,Male,217.177.17.239
673,Lori,Marshall,lmarshallio@cbc.ca,Female,62.118.39.162
674,Eric,Griffin,egriffinip@cloudflare.com,Male,130.114.212.18
675,Jack,Carroll,jcarrolliq@chron.com,Male,195.242.133.104
676,Lois,Frazier,lfrazierir@examiner.com,Female,202.183.172.73
677,Jack,Thompson,jthompsonis@cocolog-nifty.com,Male,157.133.141.116
678,Tina,Lane,tlaneit@google.com.au,Female,73.218.241.95
679,Scott,Brown,sbrowniu@slashdot.org,Male,121.74.90.11
680,Kathryn,Parker,kparkeriv@purevolume.com,Female,182.18.52.113
681,Aaron,Parker,aparkeriw@dailymail.co.uk,Male,184.205.14.175
682,Jimmy,Woods,jwoodsix@cbc.ca,Male,96.136.138.200
683,Denise,Bell,dbelliy@wordpress.org,Female,105.204.116.135
684,Anthony,Patterson,apattersoniz@imdb.com,Male,228.85.62.36
685,Emily,Myers,emyersj0@webs.com,Female,191.214.245.61
686,Gerald,Flores,gfloresj1@wordpress.com,Male,204.28.125.55
687,Harry,Sanchez,hsanchezj2@ftc.gov,Male,196.196.252.123
688,Justin,Austin,jaustinj3@histats.com,Male,154.189.30.32
689,Patrick,Gutierrez,pgutierrezj4@yolasite.com,Male,243.121.1.59
690,Susan,Nguyen,snguyenj5@smh.com.au,Female,249.2.180.211
691,Frances,Meyer,fmeyerj6@redcross.org,Female,11.162.169.194
692,Peter,Fields,pfieldsj7@list-manage.com,Male,3.201.7.227
693,Justin,Harvey,jharveyj8@mashable.com,Male,166.104.228.242
694,Ryan,Butler,rbutlerj9@google.com.au,Male,124.241.78.78
695,Marilyn,Gonzalez,mgonzalezja@wikia.com,Female,167.128.236.10
696,Catherine,Marshall,cmarshalljb@state.tx.us,Female,243.75.246.123
697,Julie,Dixon,jdixonjc@digg.com,Female,62.104.52.27
698,Rachel,Elliott,relliottjd@rakuten.co.jp,Female,98.107.248.232
699,Gloria,Olson,golsonje@free.fr,Female,115.8.21.96
700,Tina,Stewart,tstewartjf@twitter.com,Female,146.19.207.192
701,Mildred,Meyer,mmeyerjg@surveymonkey.com,Female,21.60.146.249
702,Fred,Duncan,fduncanjh@jiathis.com,Male,207.69.61.84
703,Mark,Oliver,moliverji@sphinn.com,Male,10.128.53.64
704,Martha,Woods,mwoodsjj@baidu.com,Female,3.205.52.45
705,Stephen,Vasquez,svasquezjk@liveinternet.ru,Male,109.5.66.116
706,Marie,Reid,mreidjl@photobucket.com,Female,164.81.154.183
707,Jeremy,Moreno,jmorenojm@microsoft.com,Male,219.50.94.38
708,Russell,Elliott,relliottjn@ezinearticles.com,Male,51.20.16.100
709,Billy,Harvey,bharveyjo@amazon.co.jp,Male,211.19.226.122
710,Deborah,Wheeler,dwheelerjp@nba.com,Female,35.90.5.111
711,Anne,Richardson,arichardsonjq@sfgate.com,Female,36.75.10.65
712,Nicholas,Wright,nwrightjr@earthlink.net,Male,136.118.219.48
713,Matthew,Carter,mcarterjs@aboutads.info,Male,203.120.144.155
714,Debra,Wilson,dwilsonjt@apache.org,Female,127.138.231.98
715,Marilyn,Adams,madamsju@example.com,Female,103.208.239.84
716,Gary,Dean,gdeanjv@wsj.com,Male,124.12.159.232
717,Anthony,Clark,aclarkjw@odnoklassniki.ru,Male,176.57.5.68
718,Debra,Kelley,dkelleyjx@ovh.net,Female,121.115.220.49
719,Julie,Ford,jfordjy@usgs.gov,Female,155.139.208.242
720,Carlos,Fox,cfoxjz@angelfire.com,Male,229.0.82.155
721,Roy,Watkins,rwatkinsk0@loc.gov,Male,236.195.217.217
722,Pamela,Torres,ptorresk1@360.cn,Female,160.123.133.209
723,Jeffrey,Schmidt,jschmidtk2@chronoengine.com,Male,15.113.153.6
724,Jack,Smith,jsmithk3@icio.us,Male,77.60.87.74
725,Catherine,Schmidt,cschmidtk4@elegantthemes.com,Female,201.218.130.133
726,Janice,Arnold,jarnoldk5@webs.com,Female,9.198.145.151
727,Harry,Gutierrez,hgutierrezk6@storify.com,Male,172.222.54.58
728,Debra,Myers,dmyersk7@newsvine.com,Female,94.81.156.66
729,Gary,Gonzalez,ggonzalezk8@scribd.com,Male,57.195.176.129
730,Willie,Nguyen,wnguyenk9@newyorker.com,Male,102.67.78.90
731,David,Grant,dgrantka@google.fr,Male,216.88.186.8
732,Patricia,Stanley,pstanleykb@typepad.com,Female,221.232.78.5
733,Evelyn,Brooks,ebrookskc@google.nl,Female,156.27.131.211
734,Peter,Williamson,pwilliamsonkd@princeton.edu,Male,80.185.159.84
735,Paula,Washington,pwashingtonke@buzzfeed.com,Female,235.60.198.45
736,Ronald,Montgomery,rmontgomerykf@flavors.me,Male,5.151.128.170
737,Justin,Thompson,jthompsonkg@feedburner.com,Male,192.27.23.178
738,Debra,Perry,dperrykh@fc2.com,Female,184.118.98.232
739,Earl,Lawrence,elawrenceki@pcworld.com,Male,186.12.72.182
740,Gary,Gibson,ggibsonkj@goo.ne.jp,Male,1.188.87.219
741,Mildred,Stone,mstonekk@usnews.com,Female,126.16.146.179
742,Brenda,Ray,braykl@barnesandnoble.com,Female,234.250.63.113
743,Edward,Matthews,ematthewskm@epa.gov,Male,8.164.212.3
744,Randy,Ramirez,rramirezkn@tripadvisor.com,Male,197.97.75.67
745,Juan,Brooks,jbrooksko@51.la,Male,54.214.2.82
746,Justin,Castillo,jcastillokp@google.com.br,Male,81.94.35.120
747,Diana,Marshall,dmarshallkq@comsenz.com,Female,44.234.236.60
748,Sandra,Gardner,sgardnerkr@engadget.com,Female,230.6.204.38
749,Jeffrey,Thomas,jthomasks@blogs.com,Male,10.35.25.60
750,Marilyn,Ray,mraykt@rakuten.co.jp,Female,234.136.186.21
751,Kathleen,Payne,kpayneku@wikipedia.org,Female,31.242.142.1
752,Kenneth,Cruz,kcruzkv@sourceforge.net,Male,249.211.149.45
753,Richard,Griffin,rgriffinkw@123-reg.co.uk,Male,173.69.208.159
754,Larry,Stevens,lstevenskx@msu.edu,Male,255.91.236.157
755,Kimberly,Cruz,kcruzky@pcworld.com,Female,67.35.223.42
756,Alice,Torres,atorreskz@bbc.co.uk,Female,199.139.190.90
757,Jacqueline,Owens,jowensl0@msn.com,Female,12.89.230.218
758,Evelyn,Kim,ekiml1@buzzfeed.com,Female,97.12.244.48
759,Kathryn,Adams,kadamsl2@springer.com,Female,248.127.191.255
760,Heather,Gutierrez,hgutierrezl3@springer.com,Female,226.174.150.79
761,Pamela,Lopez,plopezl4@ihg.com,Female,59.50.80.29
762,Cynthia,George,cgeorgel5@army.mil,Female,212.238.174.75
763,Helen,Watkins,hwatkinsl6@multiply.com,Female,190.115.163.249
764,Timothy,Hart,thartl7@google.ca,Male,0.28.38.66
765,Diana,Gonzales,dgonzalesl8@phpbb.com,Female,31.78.111.64
766,Jane,Davis,jdavisl9@alibaba.com,Female,178.174.233.73
767,Lillian,Ross,lrossla@jalbum.net,Female,141.140.246.209
768,Carl,Stone,cstonelb@ox.ac.uk,Male,246.19.127.225
769,Doris,Reed,dreedlc@scribd.com,Female,145.173.62.14
770,Henry,Shaw,hshawld@jigsy.com,Male,166.238.68.144
771,Willie,Barnes,wbarnesle@usnews.com,Male,196.193.154.58
772,Sharon,Baker,sbakerlf@vimeo.com,Female,222.55.6.142
773,Paul,Webb,pwebblg@skyrock.com,Male,255.170.34.173
774,Kathleen,Cunningham,kcunninghamlh@skype.com,Female,246.193.139.226
775,Douglas,Martin,dmartinli@prweb.com,Male,23.157.232.120
776,Phyllis,Simpson,psimpsonlj@indiatimes.com,Female,116.133.227.205
777,Aaron,Chapman,achapmanlk@smh.com.au,Male,251.55.75.127
778,Annie,Bailey,abaileyll@biglobe.ne.jp,Female,91.29.0.51
779,Joshua,Hill,jhilllm@wiley.com,Male,221.173.153.98
780,Gerald,Fisher,gfisherln@netscape.com,Male,148.197.66.108
781,Virginia,Griffin,vgriffinlo@ebay.com,Female,87.86.67.110
782,Harold,Greene,hgreenelp@slideshare.net,Male,128.83.55.156
783,Clarence,Murphy,cmurphylq@biglobe.ne.jp,Male,40.226.79.129
784,Clarence,Roberts,crobertslr@china.com.cn,Male,189.75.156.39
785,Marilyn,Peterson,mpetersonls@economist.com,Female,74.31.8.43
786,Martha,Nichols,mnicholslt@boston.com,Female,16.132.226.79
787,Debra,Murphy,dmurphylu@google.de,Female,139.113.130.109
788,Jeffrey,Hernandez,jhernandezlv@xrea.com,Male,125.129.214.218
789,Steve,Hall,shalllw@noaa.gov,Male,226.240.120.17
790,Edward,Hart,ehartlx@ucla.edu,Male,100.37.233.148
791,Willie,Harrison,wharrisonly@bravesites.com,Male,117.62.50.234
792,Harold,Carpenter,hcarpenterlz@a8.net,Male,151.254.59.100
793,Shawn,Perez,sperezm0@tripod.com,Male,81.144.117.103
794,Diane,Ruiz,druizm1@bloglovin.com,Female,164.183.131.48
795,Susan,Ortiz,sortizm2@biblegateway.com,Female,197.146.247.199
796,Theresa,Gomez,tgomezm3@sbwire.com,Female,163.78.145.110
797,Pamela,Allen,pallenm4@tiny.cc,Female,119.226.33.153
798,Brandon,Johnston,bjohnstonm5@msn.com,Male,249.133.144.210
799,Sandra,Ferguson,sfergusonm6@ovh.net,Female,90.138.251.19
800,Benjamin,Dunn,bdunnm7@fema.gov,Male,64.78.139.205
801,Alan,Riley,arileym8@twitter.com,Male,125.119.99.151
802,Donald,Johnston,djohnstonm9@mediafire.com,Male,30.67.141.218
803,Phyllis,Green,pgreenma@slideshare.net,Female,64.105.66.33
804,Scott,Mendoza,smendozamb@cam.ac.uk,Male,39.220.53.233
805,Steve,Williams,swilliamsmc@go.com,Male,116.157.81.177
806,Rebecca,Castillo,rcastillomd@archive.org,Female,66.78.247.68
807,Peter,Armstrong,parmstrongme@npr.org,Male,88.154.217.160
808,Martha,Nelson,mnelsonmf@gizmodo.com,Female,70.181.134.14
809,Anne,Young,ayoungmg@illinois.edu,Female,192.182.112.50
810,Fred,Campbell,fcampbellmh@dell.com,Male,53.168.25.251
811,Louis,Lane,llanemi@w3.org,Male,188.153.132.232
812,Wayne,Morales,wmoralesmj@tuttocitta.it,Male,195.122.142.168
813,Lillian,Turner,lturnermk@quantcast.com,Female,21.114.226.147
814,Elizabeth,Reyes,ereyesml@theglobeandmail.com,Female,57.182.216.180
815,Larry,Robinson,lrobinsonmm@si.edu,Male,21.210.173.133
816,Kenneth,Greene,kgreenemn@exblog.jp,Male,101.192.83.37
817,Daniel,Vasquez,dvasquezmo@ca.gov,Male,137.212.68.212
818,Philip,Ramos,pramosmp@statcounter.com,Male,55.48.253.65
819,Nicole,Kennedy,nkennedymq@sciencedirect.com,Female,220.156.112.116
820,Dennis,Kennedy,dkennedymr@yandex.ru,Male,227.77.171.146
821,Amanda,Porter,aporterms@fema.gov,Female,84.4.122.207
822,Adam,Thomas,athomasmt@livejournal.com,Male,38.221.188.252
823,Wayne,Mccoy,wmccoymu@wikispaces.com,Male,147.38.210.167
824,Anthony,Phillips,aphillipsmv@taobao.com,Male,211.221.229.40
825,Michael,Simpson,msimpsonmw@nbcnews.com,Male,14.163.37.92
826,Kimberly,Patterson,kpattersonmx@nih.gov,Female,176.188.94.125
827,Susan,Peters,spetersmy@yellowbook.com,Female,114.98.242.44
828,Melissa,Coleman,mcolemanmz@sourceforge.net,Female,46.64.108.58
829,Howard,Berry,hberryn0@miibeian.gov.cn,Male,202.201.76.18
830,Tammy,Young,tyoungn1@examiner.com,Female,139.141.83.32
831,Shirley,Daniels,sdanielsn2@storify.com,Female,107.37.230.177
832,Louis,Garrett,lgarrettn3@drupal.org,Male,8.109.65.18
833,Virginia,Roberts,vrobertsn4@aboutads.info,Female,214.213.192.72
834,Stephen,Wallace,swallacen5@live.com,Male,13.185.50.138
835,Kathryn,Peters,kpetersn6@ebay.co.uk,Female,131.24.111.36
836,Ruby,Knight,rknightn7@adobe.com,Female,23.180.175.102
837,Jean,Bryant,jbryantn8@java.com,Female,170.149.156.31
838,Adam,Kim,akimn9@domainmarket.com,Male,75.120.22.22
839,Larry,Cruz,lcruzna@buzzfeed.com,Male,72.171.116.86
840,Shawn,Williamson,swilliamsonnb@rambler.ru,Male,41.101.139.85
841,Robin,Bell,rbellnc@163.com,Female,168.55.165.234
842,Martin,Robinson,mrobinsonnd@bbc.co.uk,Male,125.190.111.110
843,Phyllis,Russell,prussellne@hexun.com,Female,83.42.156.171
844,Harold,Henderson,hhendersonnf@state.gov,Male,133.79.128.211
845,Anna,Brown,abrownng@imdb.com,Female,47.141.227.8
846,Jennifer,Ford,jfordnh@toplist.cz,Female,35.105.138.147
847,Carol,Dixon,cdixonni@indiatimes.com,Female,137.3.65.233
848,Gerald,Lane,glanenj@hc360.com,Male,40.70.173.15
849,Diane,Reynolds,dreynoldsnk@usa.gov,Female,17.135.255.179
850,Bobby,Gutierrez,bgutierreznl@bluehost.com,Male,59.141.239.181
851,Larry,Riley,lrileynm@samsung.com,Male,218.36.83.90
852,Evelyn,Cox,ecoxnn@xrea.com,Female,57.87.47.241
853,David,Harvey,dharveyno@amazon.de,Male,15.227.228.59
854,Douglas,Meyer,dmeyernp@sogou.com,Male,189.38.79.98
855,Martha,Kennedy,mkennedynq@youku.com,Female,199.164.110.11
856,Marie,Walker,mwalkernr@wikia.com,Female,59.165.149.31
857,Jack,Jackson,jjacksonns@ifeng.com,Male,149.131.166.60
858,Scott,Gardner,sgardnernt@newyorker.com,Male,63.159.191.106
859,Alan,Long,alongnu@soundcloud.com,Male,167.158.108.205
860,Ralph,Knight,rknightnv@usatoday.com,Male,1.147.139.178
861,Ryan,Arnold,rarnoldnw@reference.com,Male,37.204.197.207
862,Martin,Wilson,mwilsonnx@apache.org,Male,116.30.240.87
863,Kathy,Hansen,khansenny@bloglovin.com,Female,16.115.215.244
864,Gary,Ramos,gramosnz@parallels.com,Male,115.15.153.14
865,Annie,Campbell,acampbello0@wisc.edu,Female,4.20.239.139
866,Willie,Wood,wwoodo1@princeton.edu,Male,246.243.107.220
867,Mary,Gardner,mgardnero2@answers.com,Female,190.218.43.235
868,Aaron,Little,alittleo3@diigo.com,Male,0.159.105.187
869,Maria,Moreno,mmorenoo4@chicagotribune.com,Female,13.99.237.118
870,Gerald,Hall,ghallo5@indiatimes.com,Male,142.138.12.211
871,Laura,Baker,lbakero6@tmall.com,Female,48.112.246.139
872,Henry,Burke,hburkeo7@mozilla.org,Male,169.153.66.34
873,Rachel,Wallace,rwallaceo8@oakley.com,Female,81.128.3.184
874,Jeffrey,Carter,jcartero9@forbes.com,Male,26.128.227.147
875,Bruce,Armstrong,barmstrongoa@tmall.com,Male,221.231.69.167
876,Harold,Matthews,hmatthewsob@ning.com,Male,88.175.223.7
877,Douglas,Burton,dburtonoc@feedburner.com,Male,157.150.130.199
878,Joan,Carpenter,jcarpenterod@aboutads.info,Female,104.103.113.105
879,Marie,Wheeler,mwheeleroe@alibaba.com,Female,166.98.243.161
880,Sharon,Freeman,sfreemanof@bbb.org,Female,13.104.170.94
881,Walter,Turner,wturnerog@google.com.hk,Male,90.110.249.185
882,Wanda,Warren,wwarrenoh@ning.com,Female,147.159.186.17
883,Robert,Williamson,rwilliamsonoi@fotki.com,Male,142.60.113.254
884,Christina,Hayes,chayesoj@4shared.com,Female,67.171.224.70
885,Alan,Freeman,afreemanok@time.com,Male,149.137.124.158
886,Maria,Riley,mrileyol@alibaba.com,Female,25.253.131.234
887,Catherine,Stanley,cstanleyom@sfgate.com,Female,253.205.142.180
888,Donna,Murray,dmurrayon@drupal.org,Female,167.212.156.0
889,Ronald,Moore,rmooreoo@shutterfly.com,Male,181.106.53.14
890,Kathleen,Robertson,krobertsonop@icio.us,Female,12.51.240.219
891,Andrew,Campbell,acampbelloq@squidoo.com,Male,218.111.17.183
892,Theresa,Howell,thowellor@ca.gov,Female,154.178.23.149
893,Brian,Alvarez,balvarezos@cbslocal.com,Male,8.223.221.58
894,Rachel,Bowman,rbowmanot@people.com.cn,Female,130.165.172.164
895,Randy,Reynolds,rreynoldsou@mac.com,Male,64.222.34.191
896,Douglas,Dean,ddeanov@berkeley.edu,Male,235.254.142.19
897,Helen,Ortiz,hortizow@ibm.com,Female,52.3.165.210
898,Christina,Austin,caustinox@nps.gov,Female,0.45.96.195
899,Denise,Kim,dkimoy@pinterest.com,Female,35.67.123.156
900,Julie,Watkins,jwatkinsoz@yale.edu,Female,57.188.33.195
901,Jimmy,Allen,jallenp0@51.la,Male,188.141.70.65
902,Walter,Mendoza,wmendozap1@google.nl,Male,31.168.230.139
903,Angela,Burton,aburtonp2@360.cn,Female,237.70.34.242
904,Terry,Williamson,twilliamsonp3@time.com,Male,147.219.6.70
905,Frank,Stephens,fstephensp4@ted.com,Male,193.70.192.154
906,Victor,Price,vpricep5@hhs.gov,Male,23.0.140.56
907,Brenda,Hill,bhillp6@hao123.com,Female,97.68.63.193
908,Carlos,Jones,cjonesp7@wix.com,Male,124.241.239.57
909,Melissa,Harper,mharperp8@dailymotion.com,Female,172.53.194.63
910,Rebecca,Lee,rleep9@sun.com,Female,20.205.38.5
911,Donald,Knight,dknightpa@shinystat.com,Male,55.54.148.182
912,Carol,Fields,cfieldspb@smugmug.com,Female,51.93.245.143
913,Betty,Young,byoungpc@yahoo.com,Female,236.73.176.32
914,Harold,Chapman,hchapmanpd@scribd.com,Male,175.163.149.166
915,Gregory,Hill,ghillpe@wisc.edu,Male,39.58.49.171
916,Kelly,Hicks,khickspf@imageshack.us,Female,223.11.242.88
917,Ryan,Matthews,rmatthewspg@cloudflare.com,Male,39.174.96.245
918,Adam,Franklin,afranklinph@sohu.com,Male,98.143.59.78
919,Betty,Bennett,bbennettpi@guardian.co.uk,Female,153.244.218.237
920,George,Arnold,garnoldpj@1688.com,Male,248.144.97.253
921,Cynthia,Harris,charrispk@ibm.com,Female,192.186.243.20
922,Paul,Kim,pkimpl@youku.com,Male,152.226.234.122
923,Robert,Gordon,rgordonpm@fda.gov,Male,149.209.15.14
924,Barbara,Cook,bcookpn@list-manage.com,Female,11.126.134.168
925,Kevin,Gilbert,kgilbertpo@usda.gov,Male,27.230.143.147
926,Jean,Bennett,jbennettpp@archive.org,Female,121.222.15.89
927,Richard,Jordan,rjordanpq@freewebs.com,Male,54.200.48.206
928,Susan,Hill,shillpr@bing.com,Female,184.229.255.26
929,Paula,Nguyen,pnguyenps@globo.com,Female,178.54.252.97
930,Douglas,Flores,dflorespt@theglobeandmail.com,Male,169.61.184.195
931,Jose,Murphy,jmurphypu@comsenz.com,Male,98.91.163.145
932,Rebecca,Sims,rsimspv@cbc.ca,Female,176.159.87.187
933,Sean,Freeman,sfreemanpw@yandex.ru,Male,12.65.225.141
934,Theresa,Edwards,tedwardspx@home.pl,Female,84.49.172.207
935,Evelyn,Fisher,efisherpy@hugedomains.com,Female,250.194.180.28
936,Carol,Burns,cburnspz@npr.org,Female,37.163.204.223
937,Kelly,Simpson,ksimpsonq0@godaddy.com,Female,174.224.208.45
938,Annie,Vasquez,avasquezq1@shinystat.com,Female,74.10.0.36
939,Bonnie,Howell,bhowellq2@oaic.gov.au,Female,116.52.232.8
940,Nicole,Armstrong,narmstrongq3@livejournal.com,Female,23.97.170.85
941,Louis,Arnold,larnoldq4@hao123.com,Male,151.195.147.14
942,Raymond,Frazier,rfrazierq5@booking.com,Male,230.17.182.76
943,Jacqueline,Flores,jfloresq6@amazon.co.jp,Female,130.123.15.142
944,Charles,Burke,cburkeq7@usa.gov,Male,156.108.14.220
945,Mildred,Mason,mmasonq8@ameblo.jp,Female,23.64.210.178
946,Charles,Carpenter,ccarpenterq9@hhs.gov,Male,8.101.54.183
947,Joan,Evans,jevansqa@ftc.gov,Female,33.32.6.163
948,Elizabeth,Fisher,efisherqb@redcross.org,Female,4.231.21.83
949,Kelly,Garcia,kgarciaqc@yellowbook.com,Female,3.89.182.153
950,Teresa,Ryan,tryanqd@jiathis.com,Female,47.241.163.180
951,Lillian,Olson,lolsonqe@is.gd,Female,98.102.135.16
952,Marilyn,Harrison,mharrisonqf@instagram.com,Female,147.63.154.218
953,Patrick,Sanchez,psanchezqg@wikimedia.org,Male,207.116.68.166
954,Denise,Patterson,dpattersonqh@about.com,Female,123.130.57.226
955,Louis,Morrison,lmorrisonqi@ihg.com,Male,93.44.155.33
956,Jacqueline,Cunningham,jcunninghamqj@un.org,Female,159.153.116.198
957,Roger,Chapman,rchapmanqk@netlog.com,Male,217.213.35.58
958,Robert,Garrett,rgarrettql@wikia.com,Male,40.254.50.115
959,Amanda,Romero,aromeroqm@goodreads.com,Female,90.34.24.188
960,Katherine,Ford,kfordqn@constantcontact.com,Female,187.30.178.71
961,Diane,Morris,dmorrisqo@phoca.cz,Female,238.212.150.2
962,Samuel,Shaw,sshawqp@blog.com,Male,66.57.248.243
963,Thomas,Griffin,tgriffinqq@zdnet.com,Male,85.160.144.220
964,Rachel,Lopez,rlopezqr@so-net.ne.jp,Female,231.70.83.214
965,Larry,Parker,lparkerqs@godaddy.com,Male,238.239.115.213
966,Peter,Simpson,psimpsonqt@telegraph.co.uk,Male,187.13.82.27
967,Nicholas,Griffin,ngriffinqu@hhs.gov,Male,114.121.28.143
968,Mildred,Knight,mknightqv@harvard.edu,Female,183.126.169.76
969,Heather,Lane,hlaneqw@soup.io,Female,84.33.197.121
970,Scott,Gray,sgrayqx@taobao.com,Male,49.45.163.39
971,Christopher,Hawkins,chawkinsqy@flickr.com,Male,17.179.132.203
972,Heather,Hicks,hhicksqz@smh.com.au,Female,32.145.112.197
973,Paul,Jacobs,pjacobsr0@wp.com,Male,15.57.42.143
974,Nicholas,Stanley,nstanleyr1@i2i.jp,Male,78.205.18.214
975,Ronald,Johnson,rjohnsonr2@bandcamp.com,Male,179.42.176.123
976,Frank,Powell,fpowellr3@reddit.com,Male,226.155.47.76
977,Deborah,Rodriguez,drodriguezr4@businessinsider.com,Female,29.4.221.176
978,Juan,Weaver,jweaverr5@51.la,Male,53.41.66.95
979,Billy,King,bkingr6@google.com.hk,Male,59.82.8.101
980,Emily,Meyer,emeyerr7@thetimes.co.uk,Female,240.197.166.95
981,Sara,Bishop,sbishopr8@tripadvisor.com,Female,221.72.67.216
982,Nancy,Montgomery,nmontgomeryr9@arstechnica.com,Female,157.94.191.10
983,Julia,Hayes,jhayesra@hao123.com,Female,125.251.152.58
984,Todd,Lewis,tlewisrb@nsw.gov.au,Male,232.127.112.242
985,Phyllis,Ferguson,pfergusonrc@thetimes.co.uk,Female,94.144.248.130
986,Antonio,Ferguson,afergusonrd@umn.edu,Male,192.195.120.74
987,Nancy,Watkins,nwatkinsre@homestead.com,Female,37.214.250.203
988,Elizabeth,Wells,ewellsrf@freewebs.com,Female,13.51.143.5
989,Nicole,Armstrong,narmstrongrg@youtube.com,Female,231.110.114.255
990,Eric,Reid,ereidrh@bigcartel.com,Male,81.95.118.83
991,Elizabeth,Perkins,eperkinsri@sphinn.com,Female,234.118.195.242
992,Dennis,White,dwhiterj@canalblog.com,Male,199.88.11.199
993,Raymond,Reid,rreidrk@jalbum.net,Male,205.153.181.208
994,Craig,Daniels,cdanielsrl@github.com,Male,149.144.165.128
995,Jean,Ramos,jramosrm@barnesandnoble.com,Female,185.199.140.219
996,Adam,Romero,aromerorn@studiopress.com,Male,217.103.175.4
997,Diane,Mills,dmillsro@yale.edu,Female,122.114.76.55
998,Kathy,Lee,kleerp@xrea.com,Female,96.172.26.72
999,Billy,Oliver,boliverrq@paypal.com,Male,243.88.108.53
1000,Melissa,Jordan,mjordanrr@ox.ac.uk,Female,155.28.154.13
